"","wind_speed_LGF","wind_speed_NYL","wind_speed_NOZ","wind_speed_ODO","wind_speed_MAF","wind_speed_MDD"
"1",12.075,10.925,10.35,7.475,9.2,5.75
"2",9.775,6.9,6.9,6.9,7.475,0
"3",4.025,2.3,8.625,1.725,0,0
"4",4.6,6.325,9.2,5.175,0.8625,0
"5",1.725,6.9,6.9,2.875,1.29375,0
"6",0,5.75,10.35,3.45,1.509375,0
"7",5.75,8.625,7.475,4.6,1.725,0
"8",0,6.325,9.775,4.025,2.875,0
"9",6.9,4.025,10.925,9.775,9.775,8.05
"10",10.925,10.925,14.95,10.925,12.075,8.625
"11",8.05,10.35,14.95,9.775,12.65,9.2
"12",10.35,10.925,16.675,9.775,12.075,9.775
"13",4.025,10.35,12.65,8.05,5.75,6.9
"14",8.05,8.05,11.5,9.2,8.05,6.9
"15",5.175,8.625,10.925,9.2,9.2,6.9
"16",3.45,4.6,12.075,8.05,9.775,5.175
"17",3.45,4.6,8.05,10.925,10.0625,4.6
"18",5.75,6.325,5.175,9.775,10.35,3.45
"19",5.75,5.75,10.35,9.2,9.775,8.625
"20",8.05,6.9,13.8,12.075,10.925,12.434375
"21",8.05,6.9,16.1,10.925,12.65,12.075
"22",7.475,6.9,14.95,12.65,13.225,11.5
"23",8.05,8.05,11.5,12.075,12.075,13.8
"24",8.625,2.875,8.625,7.475,10.925,9.775
"25",5.75,0,4.6,6.9,8.05,8.05
"26",2.3,2.3,4.025,6.9,13.8,9.2
"27",1.725,0,7.475,7.475,13.8,10.35
"28",0,6.9,8.625,5.75,9.775,8.05
"29",1.725,1.725,3.45,4.025,7.7625,4.025
"30",0,0,5.75,4.025,5.75,0
"31",1.725,3.45,6.9,4.025,4.6,3.45
"32",3.45,1.725,6.325,4.6,8.05,5.175
"33",5.75,4.025,7.475,9.2,9.2,9.2
"34",6.9,5.175,2.875,12.075,11.5,9.775
"35",10.925,9.2,5.75,16.675,16.1,13.225
"36",11.5,8.05,6.325,16.1,14.375,14.95
"37",9.2,8.625,7.475,9.2,13.5125,10.925
"38",8.625,12.075,9.2,13.8,13.08125,11.5
"39",6.9,6.9,5.175,13.225,12.865625,13.8
"40",6.325,5.75,1.725,13.225,12.7578125,12.65
"41",7.475,2.3,1.725,12.65,12.70390625,10.35
"42",4.6,4.025,2.3,12.65,12.65,14.95
"43",6.9,6.9,8.625,10.925,11.5,9.775
"44",10.925,12.075,13.225,9.2,10.35,8.05
"45",20.7,16.1,15.525,20.125,19.55,16.675
"46",22.425,17.25,16.675,16.1,18.4,12.075
"47",19.55,17.825,19.55,16.675,17.25,12.075
"48",14.95,12.075,17.25,9.775,10.925,10.925
"49",10.35,7.475,12.075,9.775,10.35,10.35
"50",6.9,6.9,9.775,11.5,15.525,8.625
"51",2.875,8.05,9.775,10.925,12.65,9.2
"52",1.725,5.175,9.2,9.775,7.475,5.175
"53",2.3,2.875,8.05,6.325,6.9,4.6
"54",0,1.725,14.375,2.3,2.3,3.45
"55",0,2.3,8.05,1.725,2.3,4.025
"56",0,0,6.9,9.775,8.05,7.475
"57",3.45,8.05,16.1,9.2,8.05,8.625
"58",16.675,13.8,18.4,8.05,6.9,7.475
"59",13.8,12.075,14.375,10.35,11.5,9.2
"60",12.65,9.2,11.5,9.775,9.2,10.35
"61",5.75,5.75,6.325,3.45,3.45,4.6
"62",0,5.75,0,6.325,7.475,5.75
"63",5.175,0,0,6.325,5.75,6.325
"64",1.725,0,0,5.75,5.75,6.325
"65",0,1.725,4.025,7.475,10.925,8.625
"66",0,3.45,3.45,13.8,10.35,8.625
"67",0,0,9.2,23.575,21.85,17.25
"68",6.325,2.875,11.5,21.275,23,19.55
"69",13.225,4.025,13.225,21.275,21.85,18.975
"70",11.5,13.225,16.1,14.375,17.25,17.25
"71",10.925,9.775,12.65,10.35,14.375,14.375
"72",9.775,6.325,9.775,4.025,7.475,8.625
"73",8.05,6.9,7.475,8.05,6.9,3.45
"74",7.475,5.175,8.625,8.05,6.9,4.6
"75",0,0,5.175,7.475,7.475,5.175
"76",2.875,1.725,5.175,6.9,8.05,8.625
"77",4.025,1.725,6.325,9.2,6.9,9.775
"78",0,1.725,6.325,12.65,10.925,11.5
"79",1.725,5.75,4.025,10.925,13.8,14.95
"80",4.025,0,1.725,19.55,14.95,14.375
"81",0,8.05,2.3,16.1,18.975,16.675
"82",0,6.325,5.175,21.275,20.7,17.825
"83",3.45,4.6,7.475,14.95,14.95,14.95
"84",4.6,2.3,6.9,15.525,15.525,12.075
"85",6.325,5.175,5.175,9.2,13.8,13.8
"86",3.45,0,3.45,18.4,14.375,17.25
"87",1.725,3.45,6.9,16.1,11.5,13.8
"88",0,1.725,8.05,13.8,11.5,11.5
"89",1.725,1.725,8.05,9.775,9.775,9.2
"90",5.175,2.3,8.625,6.9,10.35,11.5
"91",5.75,4.025,9.775,8.05,12.075,10.35
"92",9.2,4.6,10.925,4.025,7.475,9.775
"93",8.05,5.75,12.075,7.475,8.05,6.9
"94",8.625,4.6,10.925,4.025,8.625,6.325
"95",2.875,9.775,10.925,10.35,8.625,5.175
"96",5.175,10.925,12.65,12.075,10.925,10.35
"97",8.625,6.325,11.5,5.75,5.175,5.175
"98",8.625,1.725,9.775,6.9,9.775,6.325
"99",7.475,2.3,9.775,6.325,9.775,8.05
"100",0,0,9.775,5.175,0,4.6
"101",5.175,4.6,8.625,5.75,5.75,5.75
"102",6.9,2.3,8.05,9.775,4.025,8.625
"103",10.35,4.025,9.775,9.2,9.2,9.775
"104",8.05,2.875,0,10.35,9.2,9.775
"105",6.325,5.75,6.9,10.35,7.475,8.625
"106",5.175,5.75,9.775,8.05,9.2,6.9
"107",1.725,1.725,8.05,10.925,12.65,10.35
"108",2.3,4.025,6.9,12.65,12.075,10.35
"109",1.725,1.725,7.475,11.5,12.075,10.925
"110",2.875,5.175,7.475,9.2,9.2,6.9
"111",8.05,5.75,5.75,8.05,9.2,9.2
"112",0,0,5.175,10.925,9.775,10.35
"113",0,0,2.3,10.925,9.2,9.2
"114",3.45,1.725,1.725,9.2,10.35,8.625
"115",0,2.3,2.3,10.35,8.625,10.35
"116",0,0,2.3,9.2,9.775,10.925
"117",1.725,1.725,3.45,10.35,10.925,11.5
"118",4.025,2.3,5.175,12.65,11.5,13.225
"119",4.025,4.025,4.025,14.95,15.525,14.375
"120",6.9,4.6,5.175,15.525,17.25,13.8
"121",6.9,6.325,5.75,13.8,17.25,14.95
"122",6.325,4.6,2.3,15.525,13.8,15.525
"123",4.025,1.725,5.175,14.95,13.8,13.8
"124",0,2.3,5.175,14.95,13.8,13.8
"125",2.3,0,5.75,12.075,14.95,13.225
"126",0,2.3,4.6,10.35,12.65,11.5
"127",3.45,0,0,11.5,11.5,10.925
"128",0,0,1.725,11.5,13.8,9.775
"129",0,0,0,6.9,5.75,5.175
"130",4.025,5.175,2.875,6.9,5.175,5.75
"131",4.6,5.75,4.025,6.9,8.625,6.6125
"132",9.2,4.6,4.6,5.75,6.9,6.9
"133",6.325,5.75,2.3,6.9,6.9,6.325
"134",4.6,5.175,7.475,4.6,6.325,5.175
"135",5.75,4.025,9.2,8.05,8.625,7.475
"136",8.625,0,10.35,11.5,11.5,10.925
"137",6.325,1.725,6.325,11.5,12.65,13.225
"138",4.025,0,9.2,15.525,16.1,16.1
"139",1.725,6.325,9.2,14.95,14.95,14.375
"140",10.35,5.175,8.625,13.8,14.95,14.95
"141",16.675,9.775,6.9,13.8,15.525,13.225
"142",14.95,23,25.875,13.225,13.225,12.9375
"143",18.975,16.675,21.275,11.5,12.65,12.65
"144",9.2,11.5,14.375,11.5,12.075,10.925
"145",5.175,6.9,9.2,8.625,9.775,9.2
"146",6.325,7.475,4.025,10.925,10.35,8.625
"147",0,8.05,4.6,10.35,10.925,10.925
"148",0,2.875,2.3,10.35,10.35,10.35
"149",0,3.45,0,11.5,11.5,11.5
"150",5.75,1.725,6.325,9.775,11.5,11.5
"151",1.725,1.725,6.9,8.05,10.925,10.35
"152",4.6,2.3,5.75,13.8,16.1,13.8
"153",6.325,4.6,6.9,12.075,9.775,10.35
"154",13.8,12.65,22.425,9.2,10.925,10.35
"155",14.375,16.675,16.1,11.5,12.65,10.925
"156",14.95,16.1,14.95,8.625,11.5,10.925
"157",13.225,9.2,13.8,12.65,14.375,10.925
"158",6.9,8.625,14.375,14.375,13.225,13.225
"159",10.925,12.65,16.675,14.95,16.1,17.25
"160",7.475,12.65,16.1,19.55,17.825,16.1
"161",4.6,12.65,17.825,17.25,17.25,16.675
"162",7.475,12.075,14.375,14.95,18.4,18.4
"163",16.1,10.35,9.775,18.4,16.675,18.975
"164",13.225,11.5,10.925,17.25,19.55,18.4
"165",20.7,14.375,14.375,17.825,21.275,18.4
"166",17.825,15.525,16.675,15.525,19.55,14.95
"167",17.25,14.95,18.4,16.1,16.1,15.525
"168",14.375,14.95,17.25,16.1,14.95,14.95
"169",8.625,9.775,7.475,9.2,16.1,11.5
"170",4.6,5.75,6.9,7.475,9.775,8.625
"171",5.75,3.45,4.6,6.9,13.8,9.2
"172",0,1.725,5.75,6.9,10.35,8.625
"173",0,1.725,5.75,7.475,8.625,6.325
"174",0,1.725,2.875,5.75,6.9,5.175
"175",1.725,2.3,6.325,2.875,9.2,3.45
"176",2.3,2.3,4.025,1.4375,3.45,0
"177",0,3.45,1.725,0.71875,0,0
"178",0,3.45,9.2,0.359375,6.325,5.75
"179",6.325,6.9,8.05,0,4.025,1.725
"180",10.35,10.35,10.925,8.05,4.025,4.6
"181",6.9,7.475,9.775,12.075,6.325,3.45
"182",5.75,8.05,10.925,14.0875,7.475,4.6
"183",3.45,12.65,10.35,15.09375,8.05,5.175
"184",5.175,8.05,13.225,15.596875,8.3375,6.9
"185",2.875,3.45,8.625,15.8484375,8.48125,8.625
"186",5.75,0,9.775,15.97421875,8.553125,8.625
"187",5.75,2.875,7.475,16.037109375,8.625,9.2
"188",2.3,2.3,2.3,16.0685546875,10.35,9.2
"189",4.6,8.05,8.625,16.08427734375,10.35,9.775
"190",10.925,12.65,10.35,16.092138671875,12.075,9.775
"191",13.225,10.35,9.2,16.0960693359375,10.35,8.05
"192",12.075,9.775,13.8,16.1,17.25,13.8
"193",8.05,8.625,8.625,8.05,8.05,5.75
"194",3.45,8.625,8.05,8.05,5.75,4.6
"195",5.175,11.5,6.325,6.325,4.3125,3.45
"196",4.025,9.2,6.325,0,5.175,4.6
"197",10.35,1.725,2.875,12.075,8.05,8.05
"198",9.2,0,8.625,10.35,11.5,10.925
"199",3.45,0,9.2,12.075,13.225,10.35
"200",0,8.05,8.625,9.775,11.5,9.2
"201",10.925,11.5,13.8,10.35,9.775,9.2
"202",17.25,11.5,14.375,9.2,9.775,8.625
"203",17.25,15.525,12.65,9.775,9.775,9.2
"204",18.975,16.1,20.7,12.075,10.35,8.625
"205",12.075,13.225,12.075,10.35,9.2,10.35
"206",5.75,8.05,9.2,14.95,14.95,13.225
"207",5.175,7.475,8.625,10.35,11.5,11.5
"208",5.75,9.775,11.5,13.225,12.075,10.925
"209",6.325,8.05,10.35,12.65,14.95,12.65
"210",7.475,12.65,13.8,14.95,14.95,13.8
"211",12.65,12.65,9.775,13.8,16.1,14.95
"212",13.225,12.075,13.225,10.35,13.8,13.225
"213",18.4,13.8,17.25,10.35,12.65,10.925
"214",10.925,8.05,15.525,9.2,10.35,8.625
"215",5.175,11.5,11.5,9.775,9.775,8.05
"216",8.05,10.35,11.5,5.75,8.625,9.2
"217",9.775,10.35,9.775,4.6,3.45,4.025
"218",6.9,7.475,8.625,0,3.45,0
"219",2.3,6.325,5.75,0,6.325,4.6
"220",6.325,5.175,6.325,0,3.45,4.6
"221",0,1.725,3.45,2.3,0,4.025
"222",5.75,3.45,6.325,3.45,3.45,3.45
"223",16.1,1.725,8.625,3.45,4.025,0
"224",21.275,8.05,4.025,5.75,6.9,4.6
"225",23.8625,10.35,8.05,10.925,9.775,9.775
"226",25.15625,9.2,7.475,9.775,10.925,10.925
"227",25.803125,5.175,4.6,13.225,13.8,12.65
"228",26.1265625,5.175,7.475,13.225,14.95,15.525
"229",26.28828125,4.025,7.475,10.35,9.775,10.35
"230",26.369140625,6.9,5.175,6.325,6.9,6.325
"231",26.4095703125,5.175,6.325,4.6,5.75,5.75
"232",26.42978515625,0,8.05,4.6,5.175,4.6
"233",26.439892578125,1.725,1.725,4.6,4.6,5.175
"234",26.4449462890625,2.3,5.75,5.75,2.875,5.175
"235",26.4474731445313,3.45,1.725,5.75,2.3,3.45
"236",26.4487365722656,2.875,0,9.775,9.2,7.475
"237",26.4493682861328,2.875,4.025,9.775,11.5,11.2125
"238",26.4496841430664,11.5,14.375,14.95,15.525,15.525
"239",26.4498420715332,11.5,8.05,16.675,16.1,16.675
"240",26.4499210357666,8.625,12.65,16.1,18.4,15.525
"241",26.4499605178833,15.525,14.95,15.525,17.825,13.8
"242",26.4499802589417,10.925,11.5,14.95,18.975,18.4
"243",26.4499901294708,10.925,6.9,17.825,19.55,20.7
"244",26.4499950647354,9.775,14.95,15.525,16.675,20.125
"245",26.4499975323677,6.9,10.925,8.625,10.35,16.1
"246",26.4499987661839,9.775,9.775,8.05,12.075,14.375
"247",26.4499993830919,9.2,3.45,6.325,6.9,7.1875
"248",26.449999691546,10.35,9.775,9.2,9.775,8.625
"249",26.45,13.225,17.825,16.675,20.7,14.95
"250",20.125,18.975,16.675,18.4,15.525,13.8
"251",14.95,16.1,20.7,17.825,16.675,13.8
"252",13.225,13.225,18.975,17.825,16.1,14.375
"253",10.35,10.35,11.5,9.775,6.9,8.625
"254",8.625,7.475,8.625,8.05,5.75,8.625
"255",8.625,7.475,8.625,2.3,1.725,0
"256",8.625,9.2,10.35,6.9,5.75,5.175
"257",4.6,9.775,7.475,4.025,5.175,4.6
"258",9.2,9.2,10.35,4.025,1.725,3.45
"259",14.375,11.5,10.35,1.725,1.725,5.4625
"260",8.05,13.8,14.375,7.475,7.475,6.873046875
"261",13.225,10.925,17.825,14.375,14.375,14.375
"262",14.375,11.5,14.95,21.85,21.85,19.55
"263",16.1,10.35,13.225,18.4,14.0875,17.25
"264",11.5,9.775,12.65,13.8,12.65,14.375
"265",11.5,6.9,8.625,9.2,6.9,6.9
"266",3.45,5.175,5.75,5.175,4.6,6.9
"267",0,5.175,8.05,7.475,8.625,9.2
"268",0,0,7.475,8.625,6.9,8.05
"269",0,3.45,9.2,4.6,6.325,2.3
"270",4.6,5.175,10.925,4.6,5.75,5.175
"271",4.025,5.175,12.075,2.3,8.05,4.6
"272",3.45,3.45,9.775,1.725,5.75,6.9
"273",2.875,6.325,14.375,14.95,12.65,12.65
"274",6.9,10.35,13.8,17.25,17.25,14.95
"275",9.2,6.9,9.775,19.55,20.7,17.825
"276",10.35,7.475,6.9,16.1,16.675,14.95
"277",3.45,6.325,6.325,12.075,13.225,11.5
"278",2.875,5.175,5.75,13.8,13.8,16.1
"279",1.725,3.45,8.625,9.2,12.65,10.35
"280",5.175,0,6.325,6.9,9.2,10.925
"281",5.75,3.45,6.325,7.475,8.05,8.625
"282",4.6,1.725,2.875,11.5,10.925,10.35
"283",4.6,0,6.9,9.2,8.625,11.5
"284",5.75,3.45,8.625,16.675,16.675,13.225
"285",4.025,5.175,8.05,15.525,14.375,15.525
"286",4.6,6.325,8.05,9.775,8.05,8.05
"287",6.9,5.175,4.025,5.175,4.6,5.175
"288",6.9,7.475,4.6,6.325,6.325,6.9
"289",6.325,6.9,8.625,9.2,9.775,9.775
"290",7.475,5.175,6.9,12.075,16.1,13.8
"291",8.625,3.45,10.925,15.525,14.95,10.925
"292",6.9,2.3,8.625,13.225,14.95,11.5
"293",19.55,6.325,11.5,14.95,14.375,12.65
"294",31.625,17.25,29.9,10.35,10.925,9.775
"295",31.625,17.825,28.75,12.65,13.8,14.375
"296",35.075,18.975,31.05,16.675,16.675,15.525
"297",28.75,20.7,31.05,12.65,13.225,13.8
"298",19.55,17.825,22.425,12.65,12.075,12.075
"299",17.25,16.1,23.575,9.2,9.2,8.625
"300",13.8,14.375,18.4,9.2,9.2,9.775
"301",10.35,8.05,10.925,8.05,8.625,9.775
"302",10.35,9.2,4.6,10.35,8.05,8.625
"303",7.475,6.325,4.025,9.775,9.2,8.05
"304",5.175,6.325,4.025,5.75,6.325,5.175
"305",0,2.3,4.6,0,3.45,0
"306",1.725,3.45,7.475,1.725,3.45,3.45
"307",2.3,5.75,9.775,3.45,2.875,4.6
"308",0,6.325,8.05,4.025,5.175,3.45
"309",6.325,7.475,12.075,8.05,8.05,5.75
"310",6.325,10.35,8.05,10.925,9.2,11.5
"311",2.875,5.75,5.75,13.225,13.8,16.675
"312",4.6,6.325,6.325,12.075,10.925,9.2
"313",4.025,5.75,5.175,6.325,7.475,4.6
"314",4.025,5.175,6.9,1.725,2.3,1.725
"315",2.3,4.6,9.775,1.725,0,1.725
"316",0,6.325,7.475,2.3,0,0
"317",4.025,2.3,9.2,4.6,1.725,0
"318",6.9,3.45,8.625,4.025,2.875,0
"319",4.025,5.175,6.9,4.025,0,0
"320",2.3,1.725,10.35,5.75,6.325,4.025
"321",4.025,0,3.45,9.2,7.475,5.75
"322",6.9,5.75,4.025,13.225,12.075,9.775
"323",7.475,10.35,5.75,13.225,17.825,14.95
"324",6.325,5.175,7.475,12.075,15.525,12.075
"325",6.9,2.3,5.75,6.9,7.475,8.05
"326",5.175,4.025,6.325,4.025,6.9,6.9
"327",6.325,1.725,8.625,10.35,10.925,10.925
"328",8.05,11.5,11.5,7.475,6.9,9.775
"329",10.925,9.775,14.95,5.75,5.75,8.05
"330",21.85,12.65,17.825,7.475,4.6,4.6
"331",11.5,14.375,16.675,9.775,8.05,6.9
"332",17.25,17.825,16.1,17.825,19.55,14.95
"333",25.3,20.7,23,14.375,17.25,13.8
"334",20.7,17.25,23.575,13.8,12.65,12.65
"335",18.4,14.95,24.4375,10.35,9.775,11.5
"336",19.55,14.95,20.125,14.375,15.525,14.375
"337",14.375,13.225,12.65,17.25,18.4,16.1
"338",9.2,5.75,8.05,16.675,16.675,14.375
"339",9.2,5.175,6.9,20.7,20.125,14.95
"340",2.3,3.45,4.025,21.275,20.125,16.1
"341",4.6,2.875,5.175,18.975,20.7,19.55
"342",0,1.725,8.05,17.25,18.4,16.1
"343",2.875,4.025,7.475,16.675,16.675,13.8
"344",4.6,8.05,5.75,14.95,12.65,9.775
"345",2.3,9.775,8.05,16.1,15.525,13.225
"346",2.875,9.775,8.05,18.975,19.55,18.975
"347",3.45,6.9,4.8875,17.25,23,20.7
"348",3.45,6.325,8.05,14.95,15.525,14.375
"349",2.3,2.3,3.45,2.875,4.025,4.025
"350",2.3,8.05,7.475,5.175,2.3,1.725
"351",2.3,7.475,6.9,4.6,7.475,5.75
"352",1.725,5.75,8.05,6.9,7.475,5.75
"353",2.3,1.725,7.475,6.9,6.9,4.6
"354",0,0,10.35,6.325,5.75,5.175
"355",1.725,0,9.775,5.175,6.325,4.6
"356",4.025,6.9,8.05,4.6,4.6,5.75
"357",9.2,10.35,6.325,8.3375,5.75,5.75
"358",11.5,11.5,5.175,6.9,3.45,6.9
"359",7.475,6.9,5.75,6.325,6.325,5.75
"360",3.45,3.45,5.75,7.475,8.625,6.9
"361",7.475,4.6,6.325,6.325,6.325,4.6
"362",0,2.3,8.05,4.6,5.75,6.325
"363",4.6,2.3,9.775,6.325,5.175,5.175
"364",2.3,8.05,9.2,6.325,6.325,5.75
"365",7.475,9.775,11.5,5.75,5.75,6.9
"366",6.9,12.65,11.5,4.6,5.75,4.6
"367",8.05,4.025,5.175,4.025,7.475,5.175
"368",9.2,4.025,18.4,12.65,11.5,11.5
"369",9.2,21.85,21.85,6.9,6.9,10.35
"370",16.1,23.575,24.15,8.625,10.35,9.2
"371",22.425,24.15,23.575,10.35,6.325,10.925
"372",17.825,10.35,21.85,11.5,12.075,12.075
"373",8.05,10.35,21.85,4.6,2.875,5.75
"374",4.6,5.75,6.325,8.625,8.625,12.075
"375",0,4.6,3.45,9.775,10.925,12.65
"376",2.3,1.725,9.775,8.625,6.9,11.5
"377",0,1.725,5.75,8.05,8.05,12.075
"378",0,0,5.75,8.625,5.75,5.75
"379",0,2.3,5.175,9.2,8.05,8.625
"380",0,5.75,5.175,15.525,14.95,15.525
"381",4.025,2.3,4.025,12.65,12.075,14.375
"382",4.025,4.6,7.475,20.125,21.275,12.65
"383",5.75,10.925,8.9125,29.325,27.6,25.3
"384",9.775,4.025,5.75,24.15,31.05,28.75
"385",10.925,8.05,10.35,18.4,23,21.275
"386",5.175,6.9,5.75,12.65,16.1,17.25
"387",0,2.875,4.025,9.775,13.225,11.5
"388",0,3.45,1.725,11.5,13.8,11.5
"389",2.3,1.725,6.325,8.625,12.075,13.225
"390",1.725,0,1.725,15.525,17.25,16.675
"391",4.6,2.3,1.725,13.225,16.1,14.95
"392",7.475,5.175,6.325,24.15,27.6,21.85
"393",8.625,6.325,13.225,26.45,30.475,27.025
"394",2.3,8.05,12.075,24.725,32.2,24.15
"395",5.175,7.1875,8.625,21.275,25.3,23
"396",10.925,6.9,10.35,22.425,27.6,23.575
"397",9.2,6.9,9.2,15.525,19.55,16.675
"398",0,8.05,7.475,8.05,10.925,6.9
"399",4.6,6.325,6.325,6.325,6.325,6.325
"400",2.3,2.875,8.625,6.325,3.45,6.325
"401",2.3,1.725,6.9,8.05,5.75,3.45
"402",4.6,0,7.475,8.05,6.325,4.025
"403",2.3,0,6.325,6.9,6.325,3.45
"404",1.725,0,5.175,8.05,8.05,3.45
"405",2.3,1.725,9.775,9.2,4.025,6.325
"406",2.3,6.9,9.775,8.625,9.2,5.175
"407",4.025,8.05,4.025,12.65,9.775,6.9
"408",5.75,7.475,7.475,9.775,12.65,9.2
"409",8.625,5.175,4.6,9.2,9.775,8.05
"410",1.725,2.875,3.45,10.35,9.2,8.625
"411",0,4.025,8.05,12.65,7.475,6.9
"412",2.3,2.3,5.75,11.5,8.625,6.9
"413",2.3,1.725,6.9,9.2,9.2,8.05
"414",0,1.725,6.325,8.05,9.775,11.5
"415",7.475,4.6,1.725,7.475,6.325,9.2
"416",0,0,2.3,15.525,17.825,12.65
"417",1.725,3.45,7.475,17.825,18.975,20.125
"418",5.75,5.75,7.475,14.95,17.825,15.525
"419",4.025,6.9,10.35,17.825,14.375,14.95
"420",5.175,7.475,13.225,14.95,14.375,14.95
"421",8.625,5.75,9.775,12.65,11.5,12.65
"422",10.925,4.025,9.2,14.95,12.65,13.8
"423",9.2,1.725,8.625,10.35,9.2,10.35
"424",5.175,2.3,9.775,9.775,7.475,9.2
"425",2.3,6.325,10.35,10.925,5.175,6.9
"426",6.9,6.325,5.75,8.05,4.025,5.75
"427",5.75,5.75,6.9,10.35,6.9,5.75
"428",8.05,6.325,7.475,15.525,17.25,13.8
"429",7.475,9.775,8.05,16.675,21.85,17.25
"430",6.9,9.2,5.175,16.1,17.25,16.675
"431",9.775,7.475,0,20.125,20.125,16.675
"432",8.05,5.75,4.6,20.125,24.725,20.125
"433",6.325,5.175,5.75,19.55,20.125,18.975
"434",6.9,8.625,7.475,17.825,18.4,16.1
"435",6.325,10.925,6.325,16.675,16.1,16.675
"436",5.175,8.625,4.025,17.825,17.825,13.8
"437",6.325,7.475,6.9,15.525,17.25,14.95
"438",5.75,9.2,7.475,17.25,21.275,17.825
"439",0,8.05,7.475,16.675,19.55,17.25
"440",5.75,8.625,11.5,16.1,20.125,21.275
"441",12.65,13.8,10.35,18.4,20.125,16.675
"442",20.7,18.4,17.25,18.4,19.55,18.975
"443",18.975,19.55,23,18.4,21.275,19.55
"444",15.525,25.875,23.575,18.975,22.425,17.825
"445",16.1,13.225,21.275,18.4,21.85,18.4
"446",14.95,8.625,17.25,18.975,20.125,18.4
"447",9.775,13.225,12.075,17.25,18.4,18.4
"448",8.625,13.8,11.5,18.4,12.65,16.675
"449",10.925,8.625,3.45,14.375,12.65,14.375
"450",0,4.025,4.025,10.35,9.2,12.075
"451",2.3,2.3,5.75,8.625,9.2,12.65
"452",3.45,2.875,4.6,9.775,10.925,12.075
"453",16.675,8.625,4.025,8.625,9.2,11.5
"454",13.225,10.35,5.4625,8.625,8.05,9.2
"455",10.925,6.9,7.475,12.075,16.675,14.95
"456",13.8,10.925,10.35,17.825,21.85,19.55
"457",14.95,13.8,13.225,14.95,17.25,17.25
"458",16.675,12.65,13.225,15.525,15.525,16.675
"459",10.925,10.35,5.75,9.2,16.1,14.95
"460",10.925,3.45,5.75,6.325,12.65,13.8
"461",2.875,2.875,5.75,4.025,2.3,6.325
"462",0,0,7.475,5.175,0,7.475
"463",5.75,4.6,9.2,2.875,4.6,1.725
"464",0,3.45,6.9,4.025,3.45,0
"465",0,2.3,4.6,9.2,10.35,8.625
"466",0,2.875,5.175,12.65,10.35,11.5
"467",12.075,9.775,8.05,16.675,18.4,16.1
"468",12.65,10.925,12.65,18.975,23,18.4
"469",8.05,4.025,3.45,20.7,16.1,18.975
"470",1.725,1.725,5.75,17.25,16.1,16.675
"471",4.025,1.725,1.725,12.075,12.075,12.075
"472",8.05,6.9,4.025,10.925,8.625,10.35
"473",4.6,7.475,6.325,15.525,13.225,12.075
"474",0,5.175,6.325,14.95,19.55,16.675
"475",0,1.725,2.3,16.1,17.25,15.525
"476",2.3,4.6,1.725,18.4,23.575,16.1
"477",4.025,6.325,6.325,17.25,21.85,18.975
"478",5.175,5.75,5.175,20.7,20.125,18.4
"479",9.2,8.05,3.45,17.825,21.85,17.25
"480",13.225,13.225,12.075,20.125,21.85,18.975
"481",12.075,9.775,10.925,13.225,14.375,15.525
"482",6.325,9.775,12.65,10.925,15.525,14.375
"483",12.075,8.625,6.9,9.2,8.625,9.775
"484",9.775,10.35,4.6,9.775,8.625,10.35
"485",8.625,5.175,2.3,9.2,9.2,9.2
"486",3.45,4.025,1.725,14.375,17.825,13.8
"487",7.475,6.9,5.175,14.95,19.55,17.25
"488",8.05,9.2,6.9,19.55,20.7,19.55
"489",11.5,10.925,9.775,26.45,27.025,21.275
"490",18.975,6.325,9.2,27.6,28.75,24.15
"491",16.675,14.375,13.8,26.45,27.6,25.3
"492",18.975,13.225,24.15,21.85,17.25,17.25
"493",17.25,12.65,13.225,18.4,17.825,18.4
"494",9.775,8.625,9.775,21.85,20.7,20.7
"495",11.5,8.625,9.2,18.4,17.825,21.275
"496",5.75,8.625,9.775,12.075,14.375,16.675
"497",3.45,8.625,8.625,6.325,8.625,12.65
"498",0,5.175,7.475,11.5,7.475,8.05
"499",2.3,6.325,9.2,13.225,14.95,10.35
"500",2.3,1.725,9.2,19.55,20.7,18.4
"501",6.9,3.45,11.5,29.325,27.6,25.875
"502",9.775,6.9,8.625,27.025,31.05,28.75
"503",12.075,6.325,9.775,27.6,32.2,28.175
"504",10.35,12.075,10.35,27.6,26.45,25.3
"505",8.625,6.9,8.625,21.85,20.7,18.4
"506",8.625,9.2,10.35,12.075,17.825,15.525
"507",8.05,8.625,11.5,9.2,11.5,13.225
"508",6.9,5.75,11.5,6.9,9.2,9.775
"509",5.175,6.9,9.2,7.475,8.625,9.2
"510",0,4.025,5.75,10.35,14.375,13.225
"511",0,1.725,4.025,14.375,14.95,11.5
"512",0,1.725,4.6,14.375,16.1,14.95
"513",5.75,4.6,5.175,11.5,13.225,12.65
"514",13.225,8.05,8.05,9.4875,5.75,8.05
"515",18.4,13.225,9.2,12.075,10.925,6.325
"516",22.425,9.775,15.525,11.5,11.5,9.775
"517",18.975,21.85,17.825,6.9,7.475,8.05
"518",24.725,19.55,19.55,5.75,2.875,5.75
"519",17.825,25.875,24.15,3.45,7.475,6.325
"520",14.95,23,28.75,7.475,7.475,6.9
"521",13.225,17.25,22.425,11.5,10.35,10.35
"522",8.05,9.2,13.225,10.35,9.2,9.775
"523",6.325,8.05,8.625,11.5,15.525,9.2
"524",9.775,9.775,5.175,10.35,12.075,12.65
"525",7.475,14.95,13.8,14.95,12.65,13.8
"526",10.925,4.6,12.65,15.525,14.95,14.95
"527",6.325,9.2,8.05,19.55,20.125,15.525
"528",8.625,1.725,5.75,16.1,17.25,16.675
"529",6.9,4.025,0,24.15,14.375,12.075
"530",5.75,5.175,2.875,21.85,24.15,21.85
"531",2.3,5.75,7.475,25.875,24.15,28.175
"532",4.025,3.45,8.625,24.725,27.6,28.175
"533",3.45,2.875,8.05,18.975,19.55,18.4
"534",0,3.7375,6.9,12.65,18.4,17.825
"535",1.725,4.6,8.05,15.525,15.525,20.125
"536",0,5.75,5.175,24.725,28.75,24.15
"537",4.6,6.325,2.3,24.15,28.175,16.9625
"538",2.875,2.875,3.45,23,21.85,13.36875
"539",4.6,0,2.3,18.975,19.55,11.571875
"540",1.725,6.325,2.3,12.65,17.25,10.6734375
"541",4.025,3.45,5.175,14.95,17.25,10.22421875
"542",4.025,5.75,5.175,12.65,14.95,9.999609375
"543",2.3,1.725,2.875,10.35,11.5,9.8873046875
"544",0,0,6.9,8.05,12.65,9.83115234375
"545",0,2.3,6.9,4.025,4.6,9.803076171875
"546",0,1.725,7.475,6.9,7.475,9.7890380859375
"547",4.6,3.45,4.6,5.75,8.05,9.78201904296875
"548",1.725,2.875,3.45,10.35,11.5,9.77850952148437
"549",0,2.3,8.625,6.9,7.1875,9.77675476074219
"550",0,1.725,2.875,2.3,8.625,9.77587738037109
"551",5.75,1.725,6.325,8.625,8.625,9.77543869018555
"552",0,6.325,4.6,6.325,8.05,9.77521934509277
"553",5.75,6.325,6.325,7.475,8.05,9.77510967254639
"554",5.75,4.6,5.75,7.475,8.625,9.77505483627319
"555",4.6,0,2.3,9.2,11.5,9.7750274181366
"556",0,2.3,4.6,11.5,13.225,9.7750137090683
"557",3.45,0,1.725,8.625,6.9,9.77500685453415
"558",2.875,1.725,4.025,9.775,4.025,9.77500342726707
"559",0,1.725,1.725,6.9,7.475,9.77500171363354
"560",0,2.3,4.025,14.375,12.65,9.775
"561",1.725,4.025,3.45,11.5,11.5,10.925
"562",0,2.3,3.45,9.2,7.475,8.625
"563",8.625,4.025,6.325,10.925,9.775,8.625
"564",4.6,2.875,0,12.65,12.65,9.775
"565",7.475,5.75,5.75,9.2,9.775,6.9
"566",6.325,1.725,0,9.775,9.775,8.625
"567",6.325,2.3,6.325,9.2,8.05,5.75
"568",0,8.05,6.9,9.2,9.2,4.6
"569",4.6,6.325,5.175,8.625,8.05,4.6
"570",4.6,9.2,5.175,9.775,6.9,5.75
"571",0,4.6,6.325,9.775,10.35,8.05
"572",7.475,4.025,0,17.825,18.4,13.8
"573",9.775,10.35,10.35,17.825,17.825,15.525
"574",13.225,12.075,12.65,14.95,17.25,18.4
"575",13.225,13.225,13.225,18.975,18.975,19.55
"576",18.4,15.525,12.075,18.975,19.55,16.1
"577",13.8,17.25,14.375,16.1,13.225,16.1
"578",12.65,14.375,11.5,16.1,11.5,12.65
"579",10.35,6.9,9.775,16.1,13.8,14.375
"580",6.325,8.05,6.9,17.25,14.375,14.375
"581",0,8.05,6.325,17.825,18.975,13.225
"582",6.9,7.475,7.475,14.95,17.825,15.525
"583",8.05,6.9,3.45,15.525,20.7,14.95
"584",7.475,4.025,6.9,17.25,18.4,17.825
"585",12.65,9.2,13.225,18.4,18.4,18.4
"586",8.625,9.775,8.625,15.525,16.675,17.25
"587",4.6,8.625,6.325,13.8,14.95,13.8
"588",8.625,11.5,10.925,15.525,18.4,15.525
"589",9.775,9.2,14.95,14.375,17.825,16.1
"590",6.9,12.075,10.925,14.375,16.675,16.675
"591",10.925,14.95,18.4,17.25,18.4,17.25
"592",9.2,9.775,12.075,20.7,24.15,17.25
"593",9.2,12.075,7.475,14.375,14.375,15.525
"594",11.5,3.45,8.05,9.2,7.475,10.925
"595",9.2,4.6,8.05,12.075,16.1,14.375
"596",8.05,11.5,7.475,16.1,17.825,14.375
"597",17.825,13.8,14.375,21.85,22.425,18.975
"598",13.225,10.35,14.95,21.275,24.725,20.125
"599",8.625,9.775,13.8,33.35,38.525,28.175
"600",8.625,8.625,6.325,27.025,25.3,25.3
"601",8.625,7.475,5.175,12.65,22.425,17.25
"602",5.75,7.475,7.475,6.9,9.775,10.35
"603",7.475,8.05,10.35,7.475,8.05,9.2
"604",9.775,5.175,8.625,7.475,6.9,8.05
"605",3.45,7.475,6.325,8.625,6.325,6.9
"606",6.9,4.025,6.325,0,2.875,3.45
"607",12.65,8.625,2.3,0,4.025,4.6
"608",14.95,14.95,6.325,2.875,2.3,1.725
"609",13.225,16.675,27.025,7.475,5.175,5.175
"610",10.925,19.55,20.7,9.2,10.925,8.05
"611",17.825,13.8,15.525,14.95,12.075,10.35
"612",10.35,10.925,11.5,12.65,14.375,15.525
"613",11.5,12.65,14.95,5.75,5.75,4.6
"614",10.35,10.35,14.95,10.925,12.075,8.05
"615",8.05,12.65,13.8,12.65,14.375,9.2
"616",2.875,8.625,5.75,18.4,19.55,10.35
"617",4.025,6.9,8.05,16.1,14.95,12.075
"618",6.9,9.2,8.05,16.1,16.675,16.675
"619",20.125,12.075,8.625,15.525,20.125,18.975
"620",22.425,14.375,16.1,19.55,17.825,18.4
"621",21.85,22.425,20.7,15.525,14.375,16.1
"622",14.95,13.8,16.1,4.025,9.775,7.475
"623",13.225,13.225,17.825,10.925,6.325,8.05
"624",14.375,7.475,10.925,20.125,14.375,12.65
"625",7.475,9.2,7.475,20.125,25.3,23
"626",6.325,6.9,8.05,12.075,14.375,13.8
"627",5.175,5.175,7.475,14.375,13.225,11.5
"628",5.175,4.6,8.625,11.5,9.2,7.475
"629",4.6,6.9,9.2,6.9,7.475,6.9
"630",0,0,9.775,5.175,7.475,6.9
"631",2.3,10.925,8.625,4.025,4.6,4.025
"632",5.75,10.925,14.375,8.625,7.475,6.325
"633",12.65,9.775,12.075,18.975,18.975,15.525
"634",11.5,5.75,9.775,16.1,17.25,14.95
"635",16.1,9.775,12.075,12.075,15.525,15.525
"636",18.4,10.925,15.525,12.65,16.675,14.95
"637",15.525,16.1,17.25,6.325,8.05,7.475
"638",14.95,14.95,8.05,8.05,7.475,6.9
"639",16.675,15.525,5.175,8.625,7.475,6.9
"640",4.025,9.775,6.9,12.075,9.2,8.05
"641",5.175,5.75,0,12.65,10.35,7.475
"642",5.175,6.325,1.725,10.35,8.625,6.325
"643",2.3,6.325,1.725,10.925,8.625,4.6
"644",6.325,10.35,5.175,16.675,17.25,14.95
"645",12.075,16.675,14.375,10.925,11.5,12.075
"646",5.175,13.8,14.375,17.825,17.825,12.65
"647",6.325,5.4625,6.325,14.95,15.525,13.225
"648",9.2,3.45,10.35,11.5,16.1,12.65
"649",8.625,6.325,6.325,4.6,8.625,5.175
"650",5.175,4.6,5.175,4.6,7.475,6.9
"651",2.3,5.175,2.3,5.175,7.475,6.9
"652",2.3,5.175,5.175,8.625,8.625,4.6
"653",0,0,5.175,9.2,8.625,6.9
"654",0,1.725,8.05,10.35,7.475,5.75
"655",6.9,4.6,6.325,11.5,12.65,8.05
"656",8.05,8.625,13.225,17.25,17.25,12.65
"657",14.95,12.65,13.225,14.95,14.95,14.375
"658",13.225,6.325,13.225,1.4375,10.35,8.625
"659",15.525,12.075,10.925,2.875,4.025,6.325
"660",9.775,9.2,10.925,6.325,10.925,5.75
"661",9.2,6.9,10.35,15.525,20.7,17.25
"662",5.175,4.6,6.325,26.45,28.175,21.85
"663",1.725,2.875,5.175,14.95,18.975,16.1
"664",1.725,0,3.45,12.65,14.95,10.925
"665",0,0,2.3,9.2,9.2,8.05
"666",0,2.3,8.625,10.35,10.925,8.05
"667",4.025,3.45,12.075,9.2,9.2,7.475
"668",4.6,8.05,9.775,14.95,12.075,10.925
"669",0,12.65,12.65,12.075,12.65,10.35
"670",3.45,8.625,10.925,5.75,8.05,6.9
"671",3.45,4.025,12.9375,7.475,4.6,5.75
"672",2.3,2.3,9.775,12.075,0,6.325
"673",7.475,5.75,6.9,6.9,8.05,5.75
"674",6.9,5.175,8.625,6.325,6.325,6.325
"675",3.45,3.45,6.9,11.5,11.5,8.625
"676",0,5.175,8.625,10.925,10.35,10.35
"677",0,1.725,10.35,8.05,9.775,7.475
"678",0,2.875,9.775,7.475,9.2,11.5
"679",3.45,1.725,9.2,7.475,8.05,8.625
"680",3.45,2.875,4.025,16.1,19.55,14.375
"681",0,2.3,7.475,18.4,18.975,16.1
"682",0,1.725,3.45,19.55,18.4,17.825
"683",8.625,4.025,8.625,18.975,19.55,17.25
"684",12.075,7.475,5.75,16.675,20.125,16.675
"685",9.2,8.05,9.2,19.55,20.125,16.675
"686",8.05,10.35,6.9,18.975,18.4,18.4
"687",10.35,6.9,7.475,18.4,16.1,16.1
"688",0,8.3375,7.475,17.25,14.375,17.25
"689",0,9.775,11.5,15.525,14.95,16.675
"690",0,2.5875,10.925,17.25,12.65,14.95
"691",0,1.725,5.75,11.5,11.5,12.65
"692",3.45,4.025,2.875,7.475,11.5,11.5
"693",23.575,15.525,12.65,14.95,13.8,12.65
"694",21.85,16.675,18.975,14.95,12.075,10.925
"695",18.4,13.8,18.4,12.075,11.5,9.2
"696",18.4,14.375,18.4,16.1,16.675,12.075
"697",18.4,10.35,13.225,9.2,16.1,16.1
"698",12.65,8.625,10.35,16.675,20.125,17.825
"699",18.975,6.9,7.475,18.975,21.85,18.975
"700",19.55,8.05,15.525,24.15,27.025,17.25
"701",14.95,13.8,13.8,18.4,19.55,17.825
"702",13.8,11.5,6.325,16.1,20.7,14.95
"703",10.925,9.2,9.2,13.225,18.975,14.95
"704",16.675,6.325,13.225,20.7,23,18.975
"705",18.4,13.225,16.675,18.4,17.25,18.975
"706",11.5,10.35,14.95,16.675,14.95,17.825
"707",4.6,6.9,9.2,15.525,13.8,12.65
"708",14.375,6.9,5.75,12.65,14.375,12.075
"709",13.225,10.35,9.775,10.35,13.225,12.075
"710",8.625,6.9,8.625,10.35,12.65,8.625
"711",12.075,8.05,9.775,11.5,14.375,8.625
"712",14.95,2.875,9.2,10.35,9.775,8.05
"713",10.35,12.075,9.2,9.775,9.2,6.9
"714",0,9.2,10.35,9.2,6.325,5.175
"715",10.35,2.875,14.375,8.625,6.9,5.175
"716",10.35,7.475,16.675,16.1,15.525,13.225
"717",9.775,10.925,13.225,15.525,18.975,17.25
"718",9.775,7.475,6.9,16.675,14.375,16.1
"719",7.475,4.025,7.475,12.075,15.525,14.375
"720",6.9,6.325,9.2,14.375,14.375,13.8
"721",10.925,7.475,8.625,14.375,14.375,12.65
"722",9.775,8.625,8.05,12.65,9.2,10.925
"723",8.05,1.725,2.3,9.775,6.9,8.625
"724",1.725,1.725,2.3,8.625,6.9,8.05
"725",2.875,9.2,12.075,9.2,9.775,8.05
"726",9.2,8.625,10.925,9.775,10.925,10.35
"727",5.75,4.6,12.075,10.35,11.5,10.35
"728",7.475,9.775,12.65,21.275,25.875,18.4
"729",5.175,5.175,8.05,17.825,23,19.55
"730",2.875,2.875,2.875,20.125,21.275,20.125
"731",6.325,2.3,4.025,17.825,21.275,18.975
"732",11.5,8.05,6.325,16.675,20.125,18.975
"733",12.65,7.475,9.775,18.975,21.85,18.975
"734",6.325,6.325,6.9,12.075,18.975,14.375
"735",10.925,7.475,9.2,10.35,9.2,10.35
"736",2.3,4.6,9.2,13.8,8.625,8.05
"737",0,3.45,5.75,10.925,12.075,12.075
"738",0,2.3,4.6,9.775,6.9,8.625
"739",1.725,0,3.45,10.925,11.5,9.775
"740",2.3,2.875,2.3,13.225,12.65,13.225
"741",6.325,4.6,5.75,19.55,18.975,14.375
"742",8.625,5.75,2.875,14.95,17.25,15.525
"743",7.475,4.025,7.475,16.675,17.25,14.375
"744",10.925,8.05,8.625,14.95,17.25,14.95
"745",13.8,8.05,8.05,16.1,14.375,14.95
"746",6.325,2.3,3.45,19.55,14.95,13.8
"747",4.6,6.325,6.325,17.25,16.675,14.95
"748",2.3,2.3,2.3,13.8,14.95,12.65
"749",0,1.725,6.325,7.475,12.075,8.625
"750",4.6,0,5.75,5.75,8.05,8.625
"751",1.725,1.725,0,8.05,8.05,6.325
"752",0,0,1.725,8.625,9.2,8.05
"753",5.175,3.45,4.6,9.2,11.5,10.35
"754",4.025,6.9,6.9,11.5,10.35,12.075
"755",7.475,6.9,3.45,15.525,16.1,14.95
"756",13.8,8.625,7.475,16.1,14.95,13.225
"757",10.35,5.75,4.6,16.675,17.25,15.525
"758",6.9,5.175,0,11.5,17.25,13.8
"759",6.9,9.2,9.2,13.225,17.25,13.225
"760",8.625,7.475,6.325,12.65,14.95,12.65
"761",7.475,5.175,4.6,13.8,12.65,9.775
"762",4.025,4.025,4.025,8.05,6.325,5.75
"763",5.75,5.175,3.45,10.925,14.95,8.625
"764",6.325,7.475,2.875,13.8,17.25,13.225
"765",5.175,10.925,8.625,12.65,14.95,14.375
"766",14.95,14.95,11.5,14.95,17.25,16.1
"767",14.95,16.1,19.55,16.675,17.825,17.25
"768",21.275,14.95,21.85,20.125,21.275,17.825
"769",20.7,12.075,15.525,22.425,19.55,19.55
"770",9.2,12.075,14.375,21.85,20.125,17.825
"771",21.275,12.075,12.075,20.7,19.55,16.675
"772",16.675,11.5,15.525,20.7,19.55,16.1
"773",1.725,10.35,14.375,18.4,18.975,18.975
"774",5.75,5.75,2.875,15.525,17.25,17.25
"775",4.025,6.325,2.875,16.675,19.55,17.825
"776",8.625,2.875,5.75,17.825,18.975,17.825
"777",11.5,7.475,6.325,19.55,20.7,18.975
"778",11.5,9.2,8.05,19.55,24.725,21.85
"779",10.925,10.925,6.325,24.725,25.875,21.275
"780",10.925,6.325,10.35,22.425,28.175,21.85
"781",9.775,4.025,8.625,11.5,15.525,16.675
"782",5.175,5.75,8.05,12.075,9.775,8.625
"783",1.725,8.625,5.75,10.35,9.2,6.9
"784",5.175,4.6,4.025,13.8,13.225,12.075
"785",5.175,2.875,0,12.65,11.5,9.775
"786",4.6,3.45,2.875,14.95,18.4,13.8
"787",1.725,1.725,3.45,12.65,13.8,10.925
"788",4.025,5.175,0,8.625,11.5,12.65
"789",0,3.45,1.725,8.625,4.025,5.175
"790",0,2.875,2.3,14.375,9.775,12.075
"791",10.35,7.475,6.9,14.95,13.8,9.2
"792",5.175,9.2,8.625,14.375,13.8,16.1
"793",10.925,5.75,6.9,2.875,5.75,5.75
"794",8.625,10.35,12.075,0,0,0
"795",13.8,6.9,6.325,6.325,5.175,0
"796",4.025,3.45,5.75,4.6,5.75,3.45
"797",2.3,3.45,6.325,4.6,4.6,2.3
"798",4.025,4.025,1.725,3.45,5.75,1.725
"799",4.025,1.725,1.725,5.175,4.6,3.45
"800",5.75,9.775,4.025,6.325,5.175,5.75
"801",9.775,9.2,12.65,8.625,8.05,7.475
"802",13.8,12.075,14.95,8.625,10.35,9.2
"803",17.825,14.375,17.25,14.95,13.8,11.5
"804",17.25,16.675,19.55,13.8,10.925,12.65
"805",13.225,14.95,17.825,6.9,6.9,5.175
"806",12.65,15.525,8.625,7.475,9.775,8.05
"807",9.2,14.375,5.75,5.75,8.625,8.625
"808",6.325,5.175,6.9,8.05,8.05,8.05
"809",5.175,5.175,2.3,8.05,11.5,11.5
"810",0,0,1.725,10.925,15.525,13.8
"811",4.6,2.3,2.3,11.5,18.975,14.95
"812",8.625,7.475,8.05,20.7,21.275,18.4
"813",14.95,10.925,13.225,19.55,18.975,18.4
"814",12.075,4.6,10.35,19.55,20.125,16.1
"815",12.075,6.9,8.625,21.275,24.15,21.275
"816",8.625,7.475,5.175,17.25,19.55,17.25
"817",9.2,6.325,7.475,18.975,27.6,17.825
"818",6.325,6.9,5.175,12.075,15.525,13.225
"819",2.875,0,4.025,13.225,18.4,13.225
"820",6.9,2.3,6.9,14.375,18.4,17.25
"821",0,4.025,5.175,14.95,20.125,13.8
"822",0,3.45,1.725,13.8,12.075,8.625
"823",2.3,0,1.725,4.6,4.025,2.5875
"824",4.025,4.6,0,10.35,8.05,5.175
"825",6.9,5.175,1.725,8.05,5.75,5.175
"826",8.625,6.325,4.6,5.4625,4.025,4.025
"827",13.8,8.05,10.35,6.325,7.1875,6.9
"828",9.775,9.2,4.025,4.6,8.625,6.9
"829",8.625,6.9,10.925,4.6,5.75,6.325
"830",6.325,9.2,8.05,8.625,6.325,4.6
"831",8.05,4.6,9.2,11.5,12.075,9.2
"832",5.75,5.175,8.625,13.225,12.075,11.5
"833",4.025,0,7.475,9.775,10.925,13.225
"834",4.6,1.725,4.6,17.25,8.05,10.925
"835",1.725,6.325,7.475,13.8,13.8,8.05
"836",0,6.325,9.2,14.375,14.375,13.225
"837",2.3,10.35,11.5,14.95,13.8,12.65
"838",5.75,6.325,5.75,17.825,16.1,13.8
"839",6.325,7.475,7.475,12.075,19.55,15.525
"840",7.475,9.2,8.625,12.075,15.525,14.95
"841",9.2,10.925,12.65,1.725,4.6,4.6
"842",9.775,11.5,10.925,1.725,3.45,1.725
"843",5.75,14.95,14.95,4.025,4.6,3.45
"844",6.9,15.525,16.675,7.475,7.475,7.475
"845",0,5.175,9.2,10.35,8.05,9.775
"846",8.05,4.025,8.625,11.5,8.05,9.2
"847",5.175,2.875,6.325,16.1,10.35,13.225
"848",1.725,6.9,9.2,19.55,20.7,17.25
"849",6.325,10.925,9.2,15.525,16.1,14.95
"850",5.75,9.2,9.775,11.5,14.375,13.8
"851",12.65,13.225,8.05,12.075,10.925,12.65
"852",10.925,12.075,12.65,12.65,14.375,12.65
"853",14.95,13.225,14.375,14.95,16.675,14.95
"854",8.625,14.375,13.225,17.25,18.4,16.1
"855",11.5,10.925,14.375,17.25,17.825,14.95
"856",11.5,6.9,14.95,15.525,15.525,13.8
"857",6.9,8.05,13.225,17.825,18.4,14.375
"858",4.6,10.925,10.925,19.55,21.85,17.25
"859",2.875,10.925,10.35,17.25,19.55,16.675
"860",0,14.95,14.95,14.95,14.95,13.225
"861",15.525,13.8,7.475,12.65,14.375,10.925
"862",12.65,12.65,3.7375,11.5,13.225,11.5
"863",13.8,10.925,1.86875,9.2,9.2,10.925
"864",16.1,13.225,0.934375,12.075,10.35,11.5
"865",16.1,13.8,0.4671875,10.925,12.65,11.5
"866",10.925,9.2,0.23359375,11.5,13.8,11.5
"867",9.2,6.9,0.116796875,11.5,11.5,9.775
"868",6.325,4.6,0.0583984375,11.5,13.225,10.925
"869",2.875,0,0.02919921875,12.075,13.8,11.5
"870",4.025,7.475,0.014599609375,12.65,13.8,12.65
"871",4.6,0,0.0072998046875,12.65,12.075,12.65
"872",1.725,6.325,0.00364990234375,12.075,11.5,13.225
"873",3.45,5.75,0,12.075,10.925,9.775
"874",7.475,4.6,8.05,10.35,10.925,9.2
"875",9.775,10.925,8.625,12.075,12.075,11.5
"876",12.65,9.2,8.625,12.65,11.5,11.5
"877",9.775,6.9,12.075,13.8,14.375,13.8
"878",9.775,9.2,9.775,15.525,14.375,13.8
"879",10.925,12.65,6.325,13.8,13.8,13.8
"880",8.625,5.175,6.9,11.5,12.65,12.65
"881",4.025,11.5,12.075,12.075,12.65,10.925
"882",0,2.3,6.325,12.65,11.5,11.5
"883",1.725,6.325,3.45,9.2,9.2,10.35
"884",0,5.175,5.75,9.775,8.05,7.475
"885",5.75,8.625,10.35,10.35,9.2,8.625
"886",9.775,0,9.4875,10.35,9.2,8.625
"887",8.05,0,9.05625,7.475,10.35,6.9
"888",6.9,4.025,8.625,9.775,9.775,9.2
"889",5.175,7.475,6.325,9.775,7.475,9.2
"890",5.75,6.325,5.75,9.2,9.2,9.2
"891",0,1.725,4.025,6.9,4.6,5.175
"892",2.875,1.725,0,3.45,4.6,3.45
"893",0,1.725,2.875,4.6,2.3,0
"894",4.6,0,2.3,9.2,5.75,5.175
"895",1.725,1.725,4.025,12.65,12.65,10.35
"896",5.175,1.725,2.3,8.625,10.35,9.2
"897",6.325,2.3,10.925,10.35,14.375,9.775
"898",1.725,2.3,5.75,11.5,16.675,11.5
"899",4.6,6.325,5.175,13.8,18.4,13.8
"900",7.475,4.6,3.45,18.975,18.975,16.1
"901",6.325,5.75,6.9,16.1,17.825,15.525
"902",3.45,4.025,4.6,16.1,17.25,14.95
"903",5.75,6.9,8.625,20.7,23,18.4
"904",9.2,4.6,1.725,21.275,18.975,18.4
"905",0,4.025,4.6,14.375,13.8,13.8
"906",0,2.3,5.175,13.225,14.375,9.775
"907",0,0,6.325,11.5,13.8,10.35
"908",13.8,14.375,16.1,11.5,16.1,13.8
"909",15.525,17.25,15.525,15.525,14.375,14.375
"910",17.25,14.95,10.925,10.35,10.925,9.2
"911",13.8,7.475,12.65,7.475,7.475,5.175
"912",16.1,9.2,13.8,12.075,10.35,8.05
"913",14.375,9.2,12.075,6.9,6.9,7.475
"914",10.35,7.475,9.775,1.725,1.725,0
"915",8.05,5.75,10.35,0,3.45,1.725
"916",9.2,4.6,9.775,4.025,3.45,3.45
"917",9.2,8.05,6.9,3.45,3.45,0
"918",8.05,10.925,6.325,4.6,5.175,3.45
"919",6.325,13.8,6.325,3.45,4.025,1.725
"920",18.975,18.975,18.4,5.175,3.45,4.025
"921",20.125,16.675,21.275,6.325,9.2,7.475
"922",20.7,18.975,18.975,7.475,5.75,5.175
"923",12.65,19.55,17.825,6.325,5.175,5.75
"924",11.5,14.375,18.4,8.625,4.025,5.175
"925",20.125,14.95,18.4,6.325,5.175,4.6
"926",12.075,8.05,9.775,4.6,3.45,3.45
"927",8.625,7.475,6.9,4.025,0,1.725
"928",5.175,8.05,6.9,5.175,2.875,0
"929",4.6,7.475,9.775,0,4.6,1.725
"930",6.325,5.175,9.775,5.75,4.6,1.725
"931",4.025,2.3,9.2,3.45,1.725,0
"932",2.875,2.875,9.2,8.05,7.475,5.75
"933",2.875,5.175,8.625,9.2,11.5,8.05
"934",10.35,5.75,10.925,9.2,11.5,9.2
"935",11.5,9.2,7.475,10.35,9.775,10.35
"936",9.2,14.375,9.2,10.35,8.625,9.775
"937",6.9,12.075,8.625,11.5,13.225,9.2
"938",5.75,6.325,7.475,17.825,14.95,13.225
"939",6.9,4.025,8.05,14.95,14.375,14.375
"940",6.325,2.875,9.2,14.95,12.075,13.8
"941",2.875,6.325,10.35,17.25,10.35,10.925
"942",0,2.3,9.2,13.225,9.775,10.35
"943",1.725,0,10.35,18.4,21.85,14.95
"944",5.175,8.05,13.225,25.3,27.6,21.85
"945",7.475,9.775,12.65,25.3,24.15,20.125
"946",10.925,14.375,10.925,16.1,17.825,16.675
"947",17.825,11.5,13.8,15.525,16.1,14.95
"948",13.8,12.075,15.525,12.075,16.1,11.5
"949",16.675,14.375,17.825,13.225,13.8,11.5
"950",12.075,10.35,14.375,13.225,14.375,12.075
"951",6.325,15.525,15.525,10.35,12.075,9.2
"952",2.875,11.5,12.65,11.5,11.5,9.775
"953",6.325,1.725,11.5,10.35,10.925,7.475
"954",0,5.175,9.2,8.625,9.775,5.75
"955",3.45,8.625,9.775,14.375,13.225,8.05
"956",2.3,8.625,12.65,17.25,20.7,14.95
"957",6.9,8.05,9.775,20.125,19.55,18.4
"958",12.075,6.325,9.2,18.975,16.675,15.525
"959",15.525,10.925,6.325,12.65,15.525,15.525
"960",17.825,17.25,14.95,17.25,17.25,15.525
"961",16.675,14.95,18.975,14.375,14.95,12.075
"962",17.25,19.55,13.225,13.225,12.075,10.35
"963",11.5,9.775,7.475,11.5,12.65,10.35
"964",8.625,7.475,3.45,12.075,9.2,10.35
"965",5.75,9.2,2.3,9.2,10.35,9.2
"966",3.45,5.75,4.025,8.05,6.9,8.05
"967",1.725,2.875,5.75,10.35,9.2,9.2
"968",3.45,8.625,10.925,13.8,14.375,12.65
"969",8.05,13.8,12.65,16.1,14.95,14.95
"970",9.2,10.35,7.475,14.95,13.8,15.525
"971",5.75,8.625,6.325,13.8,16.1,13.225
"972",13.8,8.05,8.05,16.1,17.25,14.95
"973",11.5,8.05,8.05,16.1,17.25,14.95
"974",10.925,6.325,13.225,17.825,21.85,19.55
"975",11.5,8.05,6.9,17.25,17.25,15.525
"976",6.9,5.175,7.475,16.1,21.85,13.8
"977",5.75,3.45,9.2,16.1,16.675,14.375
"978",1.725,2.3,7.475,12.65,10.35,9.2
"979",5.75,2.3,5.175,8.05,9.775,8.625
"980",9.2,5.175,4.6,12.65,12.65,11.5
"981",9.2,6.9,4.025,18.4,20.7,18.4
"982",9.775,6.325,6.9,25.3,27.025,20.125
"983",10.925,4.025,10.925,31.625,26.45,25.875
"984",10.925,13.8,14.375,27.6,28.75,25.3
"985",12.075,14.375,12.65,17.25,20.7,21.85
"986",12.65,9.775,9.775,12.075,13.8,12.075
"987",8.05,10.925,12.65,9.2,12.65,9.2
"988",2.875,5.175,11.5,13.225,14.95,13.225
"989",1.725,4.025,9.2,11.5,10.925,8.05
"990",9.2,0,8.625,10.925,8.05,8.05
"991",5.175,5.175,7.475,15.525,15.525,9.2
"992",2.3,9.775,13.225,11.5,14.95,10.925
"993",6.325,12.65,15.525,10.925,12.075,9.2
"994",15.525,14.95,14.375,5.175,4.6,5.175
"995",20.125,13.225,14.375,4.6,8.05,6.9
"996",13.8,12.075,10.35,5.75,7.475,5.75
"997",13.225,14.375,12.65,5.175,8.05,5.75
"998",8.05,10.925,9.2,8.625,9.775,8.05
"999",8.625,6.325,8.05,13.8,12.075,9.2
"1000",4.6,0,4.025,15.525,14.375,14.375
"1001",0,1.725,2.3,15.525,15.525,15.525
"1002",0,1.725,6.325,9.775,12.65,14.95
"1003",6.325,0,5.175,14.95,14.95,9.775
"1004",0,4.6,1.725,22.425,23.575,21.275
"1005",6.325,8.05,8.625,21.85,20.125,18.4
"1006",9.775,6.9,6.325,17.25,16.675,16.675
"1007",14.375,5.175,3.45,18.4,16.675,13.8
"1008",12.075,8.625,9.2,17.25,24.15,18.4
"1009",9.2,7.475,5.75,18.4,20.125,16.675
"1010",12.075,13.225,9.775,18.975,18.4,17.25
"1011",9.775,14.95,7.475,17.25,16.1,16.1
"1012",8.05,16.675,9.2,24.725,18.975,16.1
"1013",12.075,10.925,9.2,20.125,20.7,15.525
"1014",9.2,11.5,6.9,14.375,15.525,14.95
"1015",9.2,9.775,10.925,16.675,14.95,14.375
"1016",13.225,9.775,10.925,17.25,17.25,15.525
"1017",9.2,10.925,13.225,11.5,12.65,12.65
"1018",9.2,15.525,13.8,16.1,17.25,17.825
"1019",14.95,16.675,13.8,25.3,19.55,17.825
"1020",12.65,10.35,13.8,15.525,17.25,15.525
"1021",5.75,4.025,5.75,5.75,12.65,8.625
"1022",7.475,8.625,1.725,11.5,14.95,10.925
"1023",8.625,16.675,6.325,12.075,12.65,12.65
"1024",14.375,15.525,14.95,12.65,13.225,12.65
"1025",5.75,9.775,8.05,12.075,11.5,14.375
"1026",5.75,7.475,6.325,17.825,9.2,10.35
"1027",6.9,9.2,3.45,16.1,12.65,12.65
"1028",13.8,12.65,8.625,21.275,20.7,15.525
"1029",14.95,13.225,13.8,24.725,24.725,21.85
"1030",14.375,8.625,10.35,20.125,17.825,18.4
"1031",14.0875,9.775,9.2,23,18.4,15.525
"1032",13.94375,8.05,6.325,11.5,9.2,13.225
"1033",13.8,7.475,9.2,16.675,10.925,12.075
"1034",8.05,8.625,9.775,8.625,12.65,12.075
"1035",10.35,6.9,6.9,9.2,6.325,13.8
"1036",9.2,5.75,5.175,5.175,9.2,8.05
"1037",0,4.025,1.725,8.05,7.475,12.075
"1038",0,1.725,1.725,12.65,12.075,8.625
"1039",2.3,0,0,15.525,11.5,10.925
"1040",10.925,4.025,3.45,17.825,16.675,13.225
"1041",16.1,16.1,15.525,19.55,15.525,16.1
"1042",14.375,17.25,20.125,13.8,11.5,15.525
"1043",14.95,10.35,14.95,9.2,20.7,6.9
"1044",10.925,12.65,13.225,14.95,17.25,13.225
"1045",12.075,7.475,9.2,13.225,13.225,12.075
"1046",7.475,4.6,5.75,20.125,18.4,11.5
"1047",1.725,7.475,3.45,20.125,18.4,14.95
"1048",0,7.475,5.175,19.55,24.15,13.8
"1049",0,0,7.475,15.525,18.975,15.525
"1050",10.35,2.3,5.75,16.1,17.25,13.225
"1051",2.875,2.875,6.325,14.95,18.4,15.525
"1052",1.725,9.775,12.65,10.35,12.65,10.925
"1053",7.475,11.5,14.375,9.2,13.225,12.65
"1054",6.325,8.625,12.65,6.9,10.35,6.325
"1055",5.75,6.9,8.625,6.325,7.475,5.75
"1056",9.2,4.6,6.9,4.6,6.9,8.625
"1057",9.2,7.475,5.175,3.45,9.2,11.5
"1058",4.025,2.875,3.45,9.2,5.175,8.625
"1059",6.9,7.475,1.725,12.075,10.35,9.2
"1060",0,0,3.45,9.2,9.775,7.475
"1061",1.725,0,8.05,6.9,9.2,6.325
"1062",3.45,0,6.9,11.5,18.4,12.65
"1063",0,2.875,4.025,10.925,12.65,9.2
"1064",0,0,0,15.525,14.375,12.075
"1065",1.725,2.3,6.9,14.375,13.8,11.5
"1066",5.75,4.6,6.9,10.35,11.5,13.8
"1067",8.05,5.75,4.6,9.775,10.35,9.775
"1068",5.75,5.75,9.775,8.625,10.35,9.775
